-- phpMyAdmin SQL Dump
-- version 4.9.0.1
-- https://www.phpmyadmin.net/
--
-- Host: localhost
-- Generation Time: Nov 21, 2019 at 10:02 PM
-- Server version: 10.4.6-MariaDB
-- PHP Version: 7.3.9

SET SQL_MODE = "NO_AUTO_VALUE_ON_ZERO";
SET AUTOCOMMIT = 0;
START TRANSACTION;
SET time_zone = "+00:00";


/*!40101 SET @OLD_CHARACTER_SET_CLIENT=@@CHARACTER_SET_CLIENT */;
/*!40101 SET @OLD_CHARACTER_SET_RESULTS=@@CHARACTER_SET_RESULTS */;
/*!40101 SET @OLD_COLLATION_CONNECTION=@@COLLATION_CONNECTION */;
/*!40101 SET NAMES utf8mb4 */;

--
-- Database: `soundcrave`
--

-- --------------------------------------------------------

--
-- Table structure for table `businessUser`
--

CREATE TABLE `businessUser` (
  `id` int(35) NOT NULL,
  `username` varchar(40) NOT NULL,
  `email` varchar(35) NOT NULL,
  `password` varchar(255) NOT NULL,
  `profile_image` varchar(255) NOT NULL,
  `fullname` varchar(35) NOT NULL,
  `genres` varchar(35) NOT NULL
) ENGINE=InnoDB DEFAULT CHARSET=latin1;

--
-- Dumping data for table `businessUser`
--

INSERT INTO `businessUser` (`id`, `username`, `email`, `password`, `profile_image`, `fullname`, `genres`) VALUES
(1, 'Bilal', 'bilal.2016065@iit.ac.lk', '$2a$07$941RFLMn7Y75BXtlALxnyek2zDylCtZebwFNIQAiJ7uTHrT0AWAFe', '1573046529-XDoeizbs_400x400.jpg', 'Bilal Rifas', 'Hiphop'),
(14, 'Bravo', 'bravoxav@gmail.com', '$2a$07$941RFLMn7Y75BXtlALxnyek2zDylCtZebwFNIQAiJ7uTHrT0AWAFe', '1574360298-1_L4TYDiuYB5-EK8SG2RjHHQ.png', 'Bravo Xavier', 'Hiphop'),
(15, 'Sally', 'sally@gmail.com', '$2a$07$941RFLMn7Y75BXtlALxnyek2zDylCtZebwFNIQAiJ7uTHrT0AWAFe', '1572979295-bg-masthead.jpg', 'Sally Bruce', 'Classical'),
(16, 'Borry', 'borry@gmail.com', '$2a$07$941RFLMn7Y75BXtlALxnyek2zDylCtZebwFNIQAiJ7uTHrT0AWAFe', '1573879427-bg-masthead-2.jpg', 'Borry Johnson', 'Hiphop'),
(17, 'Saro', 'saro@gmail.com', '$2a$07$941RFLMn7Y75BXtlALxnyek2zDylCtZebwFNIQAiJ7uTHrT0AWAFe', '1572882640-0.jpeg', 'Saro Trevo', 'rock'),
(18, 'Jingle', 'jingle@gmail.com', '$2a$07$941RFLMn7Y75BXtlALxnyek2zDylCtZebwFNIQAiJ7uTHrT0AWAFe', '1572882816-228526.jpg', 'Jingle Mingle', 'folk,rock'),
(19, 'Faru', 'farut@gmail.com', '$2a$07$941RFLMn7Y75BXtlALxnyek2zDylCtZebwFNIQAiJ7uTHrT0AWAFe', '1573879224-bg-masthead-9.jpg', 'Farut Jane', 'Folk'),
(20, 'Ted', 'ted@gmail.com', '$2a$07$941RFLMn7Y75BXtlALxnyek2zDylCtZebwFNIQAiJ7uTHrT0AWAFe', '1572883003-150edb928ab911cbad20186ba0d23247.jpg', 'Ted Todler', 'Jazz,Hiphop'),
(21, 'Sanford', 'sanford@gmail.com', '$2a$07$941RFLMn7Y75BXtlALxnyek2zDylCtZebwFNIQAiJ7uTHrT0AWAFe', '1572883003-150edb928ab911cbad20186ba0d23247.jpg', 'Sanford Sentor', 'Classical'),
(22, 'Singam ', 'singam@gmail.com', '$2a$07$941RFLMn7Y75BXtlALxnyek2zDylCtZebwFNIQAiJ7uTHrT0AWAFe', '1572975756-03-mesh-festival-light.png', 'Singam Surya', 'Classical'),
(23, 'Ronaldo', 'ronaldo@gmail', '$2a$07$941RFLMn7Y75BXtlALxnyek2zDylCtZebwFNIQAiJ7uTHrT0AWAFe', '1572979679-band-vector-3.png', 'Christiano Ronaldo', 'Jazz'),
(24, 'Sujith', 'sujith123@gmail.com', '$2a$07$941RFLMn7Y75BXtlALxnyek2zDylCtZebwFNIQAiJ7uTHrT0AWAFe', '1573046694-output-onlinepngtools.png', 'Sujith Andrews', 'Folk'),
(25, 'Ironman', 'ironman@gmail.com', '$2a$07$941RFLMn7Y75BXtlALxnyek2zDylCtZebwFNIQAiJ7uTHrT0AWAFe', '1573054555-headphones.png', 'Tony Stark', 'Hiphop'),
(26, 'Dracula', 'dracula@gmail.com', '$2a$07$941RFLMn7Y75BXtlALxnyek2zDylCtZebwFNIQAiJ7uTHrT0AWAFe', '1573536686-listening.png', 'Dracula Moon', 'Jazz'),
(27, 'Zoro', 'zoro@gmail.com', '$2a$07$941RFLMn7Y75BXtlALxnyek2zDylCtZebwFNIQAiJ7uTHrT0AWAFe', '1573796898-avatar2.png', 'Zoro Doro', 'Jazz,Hiphop'),
(28, 'Baagubali', 'baagubali@gmail.com', '$2a$07$941RFLMn7Y75BXtlALxnyek2zDylCtZebwFNIQAiJ7uTHrT0AWAFe', '1574084599-1572883309-New-Project.jpg', 'Baagubali Man', 'Rock,Folk'),
(29, 'Dora', 'dora@gmail.com', '$2a$07$941RFLMn7Y75BXtlALxnyek2zDylCtZebwFNIQAiJ7uTHrT0AWAFe', '1573823971-city-filled.png', 'Dora Pora', 'Rock'),
(36, 'Harrypotte', 'harry@gmail.com', '$2a$07$941RFLMn7Y75BXtlALxnyek2zDylCtZebwFNIQAiJ7uTHrT0AWAFe', '1574190593-z_p19-Lotus-Tower_0.jpg', 'Harry Potter', 'Rock,Jazz,Folk,Hiphop,Classical'),
(37, 'Rockstar12', 'rockstar@gmail.com', '$2a$07$941RFLMn7Y75BXtlALxnyek2zDylCtZebwFNIQAiJ7uTHrT0AWAFe', '', '', ''),
(38, 'Henry12345', 'henry@gmail.com', '$2a$07$IXEvgaEDjo8ByiWrEjuUGOfddaUED2C50ih0v6ML77.PGdRxqHv.O', '1574202436-di_logo.png', 'Henry Northfield', 'Rock,Jazz,Folk'),
(39, 'Trello1234', 'trello@gmail.com', '$2a$07$UDSTMGRHTVaLOvYFSb99xOkqThRsKEAtKxIwEyayr9cqgHcfiQPwm', '1574351713-0.jpeg', 'Trello Wingle', 'Folk,Classical'),
(40, 'Fernandozy', 'fernandozy@gmail.com', '$2a$07$bmU8YufsKmwstJspXKbpk.hkFVzKpcN2.M2dPXwOqKPV4.cnTVLom', '1574353386-228526.jpg', 'Fernandozy Laro', 'Rock'),
(43, 'Soritobroo', 'soritobroo@gmail.com', '$2a$07$Rf1V8rlLRZtZahGbRxYebOVU/RDFtJxO714Twb9HuX0Y.gjJywOky', '1574360408-71966257_2698641030372349_6065467220455063552_o.jpg', 'Sorito Broo', 'Jazz,Hiphop');

-- --------------------------------------------------------

--
-- Table structure for table `ci_sessions`
--

CREATE TABLE `ci_sessions` (
  `id` varchar(128) NOT NULL,
  `ip_address` varchar(45) NOT NULL,
  `timestamp` int(10) UNSIGNED NOT NULL DEFAULT 0,
  `data` blob NOT NULL
) ENGINE=InnoDB DEFAULT CHARSET=latin1;

--
-- Dumping data for table `ci_sessions`
--

INSERT INTO `ci_sessions` (`id`, `ip_address`, `timestamp`, `data`) VALUES
('9aba74f306c18c683c84a8ebb8be270bcbb70748', '::1', 1574353255, 0x5f5f63695f6c6173745f726567656e65726174657c693a313537343335333235353b656d61696c7c733a31363a227472656c6c6f40676d61696c2e636f6d223b6176617461727c733a31373a22313537343335313731332d302e6a706567223b66756c6c6e616d657c733a31333a225472656c6c6f2057696e676c65223b67656e7265737c733a31343a22466f6c6b2c436c6173736963616c223b7573657269647c733a323a223339223b757365726e616d657c733a31303a225472656c6c6f31323334223b),
('19b8a0381795b0ebf8c7742f560030f08d7af67e', '::1', 1574354077, 0x5f5f63695f6c6173745f726567656e65726174657c693a313537343335343037373b656d61696c7c733a32303a226665726e616e646f7a7940676d61696c2e636f6d223b6176617461727c733a32313a22313537343335333338362d3232383532362e6a7067223b66756c6c6e616d657c733a31353a224665726e616e646f7a79204c61726f223b67656e7265737c733a343a22526f636b223b7573657269647c733a323a223430223b757365726e616d657c733a31303a224665726e616e646f7a79223b),
('beb986598300132075c359eee3e112ba6d77ae43', '::1', 1574354379, 0x5f5f63695f6c6173745f726567656e65726174657c693a313537343335343337393b656d61696c7c733a32303a226665726e616e646f7a7940676d61696c2e636f6d223b6176617461727c733a32313a22313537343335333338362d3232383532362e6a7067223b66756c6c6e616d657c733a31353a224665726e616e646f7a79204c61726f223b67656e7265737c733a343a22526f636b223b7573657269647c733a323a223430223b6572726f72757365726e616d657c733a34323a22557365726e616d6520616c72656164792074616b656e20706c656173652074727920616e6f7468657221223b5f5f63695f766172737c613a313a7b733a31333a226572726f72757365726e616d65223b733a333a226f6c64223b7d),
('ee0949276dfeea8b0d4549a8c6015d36b78fd4b9', '::1', 1574356392, 0x5f5f63695f6c6173745f726567656e65726174657c693a313537343335363339323b656d61696c7c733a31353a2279656e6c6f40676d61696c2e636f6d223b6176617461727c733a303a22223b66756c6c6e616d657c733a303a22223b67656e7265737c733a303a22223b7573657269647c733a323a223432223b757365726e616d657c733a31303a2259656e6c6f3132333435223b),
('6341e3cd7690c823c0d9ded24ae417c89dbb3092', '::1', 1574357212, 0x5f5f63695f6c6173745f726567656e65726174657c693a313537343335373231323b656d61696c7c733a31353a2279656e6c6f40676d61696c2e636f6d223b6176617461727c733a303a22223b66756c6c6e616d657c733a303a22223b67656e7265737c733a303a22223b7573657269647c733a323a223432223b),
('9fc43152d8494a0e78275aa4d6876860679285b2', '::1', 1574358222, 0x5f5f63695f6c6173745f726567656e65726174657c693a313537343335383232323b656d61696c7c733a32333a2262696c616c2e32303136303635406969742e61632e6c6b223b6176617461727c733a33313a22313537333034363532392d58446f65697a62735f343030783430302e6a7067223b66756c6c6e616d657c733a31313a2242696c616c205269666173223b67656e7265737c733a363a22486970686f70223b7573657269647c733a313a2231223b757365726e616d657c733a353a2242696c616c223b),
('de4239e0dfbc0735754b99502ed8d9558d8269e5', '::1', 1574359127, 0x5f5f63695f6c6173745f726567656e65726174657c693a313537343335393132373b656d61696c7c733a32333a2262696c616c2e32303136303635406969742e61632e6c6b223b6176617461727c733a33313a22313537333034363532392d58446f65697a62735f343030783430302e6a7067223b66756c6c6e616d657c733a31313a2242696c616c205269666173223b67656e7265737c733a363a22486970686f70223b7573657269647c733a313a2231223b757365726e616d657c733a353a2242696c616c223b),
('473c0c49c3791a8cf62942cb32f208b2ef7b30ef', '::1', 1574359909, 0x5f5f63695f6c6173745f726567656e65726174657c693a313537343335393930393b656d61696c7c733a32333a2262696c616c2e32303136303635406969742e61632e6c6b223b6176617461727c733a33313a22313537333034363532392d58446f65697a62735f343030783430302e6a7067223b66756c6c6e616d657c733a31313a2242696c616c205269666173223b67656e7265737c733a363a22486970686f70223b7573657269647c733a313a2231223b757365726e616d657c733a353a2242696c616c223b),
('2504458a101368e0f692053a7d28662d47229f04', '::1', 1574360252, 0x5f5f63695f6c6173745f726567656e65726174657c693a313537343336303235323b656d61696c7c733a31373a22627261766f2e7340676d61696c2e636f6d223b6176617461727c733a33393a22313537343336303136322d315f4c3454594469755942352d454b38534732526a4848512e706e67223b66756c6c6e616d657c733a31343a22427261766f2053656c656e646f72223b67656e7265737c733a343a224a617a7a223b7573657269647c733a323a223134223b757365726e616d657c733a353a22427261766f223b),
('9e4d9ca42a9f2773eb64f3ba6cfeb8c54d2f8b6c', '::1', 1574362356, 0x5f5f63695f6c6173745f726567656e65726174657c693a313537343336323335363b656d61696c7c733a32303a22736f7269746f62726f6f40676d61696c2e636f6d223b6176617461727c733a36323a22313537343336303430382d37313936363235375f323639383634313033303337323334395f363036353436373232303435353036333535325f6f2e6a7067223b66756c6c6e616d657c733a31313a22536f7269746f2042726f6f223b67656e7265737c733a31313a224a617a7a2c486970686f70223b7573657269647c733a323a223433223b757365726e616d657c733a31303a22536f7269746f62726f6f223b),
('74d27b1831e72c465526d24c8cafceefc80bf098', '::1', 1574362693, 0x5f5f63695f6c6173745f726567656e65726174657c693a313537343336323639333b656d61696c7c733a32303a22736f7269746f62726f6f40676d61696c2e636f6d223b6176617461727c733a36323a22313537343336303430382d37313936363235375f323639383634313033303337323334395f363036353436373232303435353036333535325f6f2e6a7067223b66756c6c6e616d657c733a31313a22536f7269746f2042726f6f223b67656e7265737c733a31313a224a617a7a2c486970686f70223b7573657269647c733a323a223433223b757365726e616d657c733a31303a22536f7269746f62726f6f223b),
('8686ce0e6220910042e910d7046359f3d93a83e2', '::1', 1574363192, 0x5f5f63695f6c6173745f726567656e65726174657c693a313537343336333139323b656d61696c7c733a32303a22736f7269746f62726f6f40676d61696c2e636f6d223b6176617461727c733a36323a22313537343336303430382d37313936363235375f323639383634313033303337323334395f363036353436373232303435353036333535325f6f2e6a7067223b66756c6c6e616d657c733a31313a22536f7269746f2042726f6f223b67656e7265737c733a31313a224a617a7a2c486970686f70223b7573657269647c733a323a223433223b757365726e616d657c733a31303a22536f7269746f62726f6f223b),
('6b65fd8cf8456069c4fed309644590457728297e', '::1', 1574364053, 0x5f5f63695f6c6173745f726567656e65726174657c693a313537343336343035333b656d61696c7c733a32303a22736f7269746f62726f6f40676d61696c2e636f6d223b6176617461727c733a36323a22313537343336303430382d37313936363235375f323639383634313033303337323334395f363036353436373232303435353036333535325f6f2e6a7067223b66756c6c6e616d657c733a31313a22536f7269746f2042726f6f223b67656e7265737c733a31313a224a617a7a2c486970686f70223b7573657269647c733a323a223433223b757365726e616d657c733a31303a22536f7269746f62726f6f223b),
('435a14bc5fe8c05d019a9cc7402ed7f01335e4b0', '::1', 1574364454, 0x5f5f63695f6c6173745f726567656e65726174657c693a313537343336343435343b656d61696c7c733a32303a22736f7269746f62726f6f40676d61696c2e636f6d223b6176617461727c733a36323a22313537343336303430382d37313936363235375f323639383634313033303337323334395f363036353436373232303435353036333535325f6f2e6a7067223b66756c6c6e616d657c733a31313a22536f7269746f2042726f6f223b67656e7265737c733a31313a224a617a7a2c486970686f70223b7573657269647c733a323a223433223b757365726e616d657c733a31303a22536f7269746f62726f6f223b),
('b91dfc1afcbc73fa19024aef5e21a570a0c6c8cf', '::1', 1574364802, 0x5f5f63695f6c6173745f726567656e65726174657c693a313537343336343830323b656d61696c7c733a32303a22736f7269746f62726f6f40676d61696c2e636f6d223b6176617461727c733a36323a22313537343336303430382d37313936363235375f323639383634313033303337323334395f363036353436373232303435353036333535325f6f2e6a7067223b66756c6c6e616d657c733a31313a22536f7269746f2042726f6f223b67656e7265737c733a31313a224a617a7a2c486970686f70223b7573657269647c733a323a223433223b757365726e616d657c733a31303a22536f7269746f62726f6f223b),
('dc2a342000eb0537268800a187aea80df53dd04e', '::1', 1574365108, 0x5f5f63695f6c6173745f726567656e65726174657c693a313537343336353130383b656d61696c7c733a32333a2262696c616c2e32303136303635406969742e61632e6c6b223b6176617461727c733a33313a22313537333034363532392d58446f65697a62735f343030783430302e6a7067223b66756c6c6e616d657c733a31313a2242696c616c205269666173223b67656e7265737c733a363a22486970686f70223b7573657269647c733a313a2231223b757365726e616d657c733a353a2242696c616c223b),
('7a4cc00fbf2ef5e003215bdfaced42b2cc30078d', '::1', 1574365852, 0x5f5f63695f6c6173745f726567656e65726174657c693a313537343336353835323b656d61696c7c733a32303a22736f7269746f62726f6f40676d61696c2e636f6d223b6176617461727c733a36323a22313537343336303430382d37313936363235375f323639383634313033303337323334395f363036353436373232303435353036333535325f6f2e6a7067223b66756c6c6e616d657c733a31313a22536f7269746f2042726f6f223b67656e7265737c733a31313a224a617a7a2c486970686f70223b7573657269647c733a323a223433223b757365726e616d657c733a31303a22536f7269746f62726f6f223b),
('85b91ca113d121dfb7a5c4a5e6c1c61dc8387363', '::1', 1574366164, 0x5f5f63695f6c6173745f726567656e65726174657c693a313537343336363136343b656d61696c7c733a32303a22736f7269746f62726f6f40676d61696c2e636f6d223b6176617461727c733a36323a22313537343336303430382d37313936363235375f323639383634313033303337323334395f363036353436373232303435353036333535325f6f2e6a7067223b66756c6c6e616d657c733a31313a22536f7269746f2042726f6f223b67656e7265737c733a31313a224a617a7a2c486970686f70223b7573657269647c733a323a223433223b757365726e616d657c733a31303a22536f7269746f62726f6f223b),
('2fea4229fd61eee409c362199875e6d0000bf73d', '::1', 1574368461, 0x5f5f63695f6c6173745f726567656e65726174657c693a313537343336383436313b656d61696c7c733a32303a22736f7269746f62726f6f40676d61696c2e636f6d223b6176617461727c733a36323a22313537343336303430382d37313936363235375f323639383634313033303337323334395f363036353436373232303435353036333535325f6f2e6a7067223b66756c6c6e616d657c733a31313a22536f7269746f2042726f6f223b67656e7265737c733a31313a224a617a7a2c486970686f70223b7573657269647c733a323a223433223b757365726e616d657c733a31303a22536f7269746f62726f6f223b),
('fe902d23ab84a7f27f3c9c0519f88a9dd047df64', '::1', 1574368969, 0x5f5f63695f6c6173745f726567656e65726174657c693a313537343336383936393b656d61696c7c733a32303a22736f7269746f62726f6f40676d61696c2e636f6d223b6176617461727c733a36323a22313537343336303430382d37313936363235375f323639383634313033303337323334395f363036353436373232303435353036333535325f6f2e6a7067223b66756c6c6e616d657c733a31313a22536f7269746f2042726f6f223b67656e7265737c733a31313a224a617a7a2c486970686f70223b7573657269647c733a323a223433223b757365726e616d657c733a31303a22536f7269746f62726f6f223b),
('79f785276131add71552c6bc3a5f0da14c602bc4', '::1', 1574370090, 0x5f5f63695f6c6173745f726567656e65726174657c693a313537343337303039303b656d61696c7c733a32303a22736f7269746f62726f6f40676d61696c2e636f6d223b6176617461727c733a36323a22313537343336303430382d37313936363235375f323639383634313033303337323334395f363036353436373232303435353036333535325f6f2e6a7067223b66756c6c6e616d657c733a31313a22536f7269746f2042726f6f223b67656e7265737c733a31313a224a617a7a2c486970686f70223b7573657269647c733a323a223433223b757365726e616d657c733a31303a22536f7269746f62726f6f223b),
('83d3b66a2590d39efccc097bf092a6fec74e81b4', '::1', 1574370120, 0x5f5f63695f6c6173745f726567656e65726174657c693a313537343337303039303b656d61696c7c733a32303a22736f7269746f62726f6f40676d61696c2e636f6d223b6176617461727c733a36323a22313537343336303430382d37313936363235375f323639383634313033303337323334395f363036353436373232303435353036333535325f6f2e6a7067223b66756c6c6e616d657c733a31313a22536f7269746f2042726f6f223b67656e7265737c733a31313a224a617a7a2c486970686f70223b7573657269647c733a323a223433223b757365726e616d657c733a31303a22536f7269746f62726f6f223b);

-- --------------------------------------------------------

--
-- Table structure for table `following`
--

CREATE TABLE `following` (
  `id` int(11) NOT NULL,
  `user_id` int(11) NOT NULL,
  `follower_id` int(11) NOT NULL,
  `user_name` varchar(35) NOT NULL,
  `follower_name` varchar(35) NOT NULL
) ENGINE=InnoDB DEFAULT CHARSET=latin1;

--
-- Dumping data for table `following`
--

INSERT INTO `following` (`id`, `user_id`, `follower_id`, `user_name`, `follower_name`) VALUES
(55, 21, 1, 'Sanford', 'Bilal'),
(73, 14, 1, 'Bravo', 'Bilal'),
(74, 15, 1, 'Sally', 'Bilal'),
(75, 16, 1, 'Borry', 'Bilal'),
(83, 26, 20, 'Dracula', 'Ted'),
(84, 1, 26, 'Bilal', 'Dracula'),
(86, 1, 19, 'Bilal', 'Faru'),
(90, 27, 17, 'Zoro', 'Saro'),
(91, 27, 22, 'Zoro', 'Singam'),
(92, 21, 17, 'Sanford', 'Saro'),
(100, 1, 15, 'Bilal', 'Sally'),
(101, 1, 21, 'Bilal', 'Sanford'),
(102, 28, 18, 'Baagubali', 'Jingle'),
(103, 1, 22, 'Bilal', 'Singam'),
(104, 17, 1, 'Saro', 'Bilal'),
(158, 38, 1, 'Henry12345', 'Bilal'),
(161, 38, 15, 'Henry12345', 'Sally'),
(162, 38, 21, 'Henry12345', 'Sanford'),
(163, 1, 38, 'Bilal', 'Henry12345'),
(164, 1, 16, 'Bilal', 'Borry'),
(165, 1, 14, 'Bilal', 'Bravo'),
(169, 1, 43, 'Bilal', 'Soritobroo'),
(171, 43, 1, 'Soritobroo', 'Bilal');

-- --------------------------------------------------------

--
-- Table structure for table `user_posts`
--

CREATE TABLE `user_posts` (
  `id` int(11) NOT NULL,
  `title` varchar(255) NOT NULL,
  `content` varchar(255) NOT NULL,
  `user` varchar(30) NOT NULL,
  `userid` int(35) NOT NULL,
  `timestamp` int(11) NOT NULL
) ENGINE=InnoDB DEFAULT CHARSET=latin1;

--
-- Dumping data for table `user_posts`
--

INSERT INTO `user_posts` (`id`, `title`, `content`, `user`, `userid`, `timestamp`) VALUES
(1, 'Thread States', 'Threads are multiple', 'Bilal', 1, 1572890176),
(2, 'Github Study ', 'Github Study Pack provides free materials.', 'Bilal', 1, 1572810176),
(3, 'Rock Music ', 'I like Jason Rock', 'Jingle', 18, 1572897038),
(4, 'Indian Music', 'Indian folk music is best', 'Saro', 17, 1572897209),
(6, 'Anirudh Musically', 'Best 2019 Tamil Musics', 'Sanford', 21, 1572897852),
(7, 'AR Rahman Musically', 'Bigil Movie BGM', 'Sanford', 21, 1572897951),
(8, 'Superman', 'Superman music is fantastic', 'Bilal', 1, 1572974242),
(9, 'Hiphop Thamizha', 'I like Hiphop Thamizha', 'Faru', 19, 1572974387),
(10, 'Test User Id adding', 'Testing Post ', 'Bilal', 1, 1573662407),
(11, 'PID-M.R.BilalAhamed-2016065-w1626625', 'Best 2019 Tamil Musics', 'Bilal', 1, 1573664249),
(12, 'Testing Load more', 'Testing Load more', 'Faru', 19, 1573665207),
(13, 'Literature-Review-M.R.BilalAhamed-2016065-w1626625', 'Bigil Movie BGM', 'Faru', 19, 1573666555),
(14, 'OOP Revision - Short note  - 2016065', 'classical ', 'Faru', 19, 1573667378),
(16, 'Test Remove url', 'Hello I like to share https://static1.bigstockphoto.com/8/5/2/large1500/258236713.jpg so please go visit https://www.bigstockphoto.com/', 'Bilal', 1, 1573882362),
(17, 'test folder image upload', 'Testing local image,  http://localhost/Soundcrave//assets/images/1573046529-XDoeizbs_400x400.jpg', 'Bilal', 1, 1573882701),
(19, 'Testing Gif v2', 'Testing gif image,  http://localhost/Soundcrave//assets/images/image_processing20190905-16494-3ek7b1.gif', 'Sally', 15, 1573883081),
(20, 'This post is to check public profile ', 'Please see my public post. Thanks all.', 'Bilal', 1, 1574091705),
(21, 'Testing code for error', 'Hello just Testing code for error', 'Henry12345', 38, 1574202383),
(22, 'I\'m testing add user post CI ', 'I\'m testing add user post CI ', 'Bilal', 1, 1574350363),
(23, 'Test Time of POST added', 'Test Time of POST', 'Bilal', 1, 1574350953),
(24, 'Test again time of post added', 'Test again time of post added', 'Bilal', 1, 1574351188),
(25, 'Test again time of post added  once more', 'TEST AGAIN TIME OF POST ADDED', 'Bilal', 1, 1574351318),
(26, 'Test my 1st post', 'Test my 1st post', 'Fernandozy', 40, 1574354106);

--
-- Indexes for dumped tables
--

--
-- Indexes for table `businessUser`
--
ALTER TABLE `businessUser`
  ADD PRIMARY KEY (`id`);

--
-- Indexes for table `ci_sessions`
--
ALTER TABLE `ci_sessions`
  ADD KEY `ci_sessions_timestamp` (`timestamp`);

--
-- Indexes for table `following`
--
ALTER TABLE `following`
  ADD PRIMARY KEY (`id`);

--
-- Indexes for table `user_posts`
--
ALTER TABLE `user_posts`
  ADD PRIMARY KEY (`id`);

--
-- AUTO_INCREMENT for dumped tables
--

--
-- AUTO_INCREMENT for table `businessUser`
--
ALTER TABLE `businessUser`
  MODIFY `id` int(35) NOT NULL AUTO_INCREMENT, AUTO_INCREMENT=44;

--
-- AUTO_INCREMENT for table `following`
--
ALTER TABLE `following`
  MODIFY `id` int(11) NOT NULL AUTO_INCREMENT, AUTO_INCREMENT=173;

--
-- AUTO_INCREMENT for table `user_posts`
--
ALTER TABLE `user_posts`
  MODIFY `id` int(11) NOT NULL AUTO_INCREMENT, AUTO_INCREMENT=27;
COMMIT;

/*!40101 SET CHARACTER_SET_CLIENT=@OLD_CHARACTER_SET_CLIENT */;
/*!40101 SET CHARACTER_SET_RESULTS=@OLD_CHARACTER_SET_RESULTS */;
/*!40101 SET COLLATION_CONNECTION=@OLD_COLLATION_CONNECTION */;
